<?xml version="1.0" encoding="UTF-8"?>
<GenRun Id="impl_1" LaunchPart="xc7z010clg400-1" LaunchTime="1701449692">
  <File Type="BITSTR-BMM" Name="cpu_interface_bd.bmm"/>
  <File Type="OPT-METHODOLOGY-DRC" Name="cpu_interface_methodology_drc_opted.rpt"/>
  <File Type="INIT-TIMING" Name="cpu_interface_timing_summary_init.rpt"/>
  <File Type="ROUTE-PWR" Name="cpu_interface_power_routed.rpt"/>
  <File Type="PA-TCL" Name="cpu_interface.tcl"/>
  <File Type="OPT-TIMING" Name="cpu_interface_timing_summary_opted.rpt"/>
  <File Type="OPT-DCP" Name="cpu_interface_opt.dcp"/>
  <File Type="ROUTE-PWR-SUM" Name="cpu_interface_power_summary_routed.pb"/>
  <File Type="REPORTS-TCL" Name="cpu_interface_reports.tcl"/>
  <File Type="OPT-DRC" Name="cpu_interface_drc_opted.rpt"/>
  <File Type="OPT-HWDEF" Name="cpu_interface.hwdef"/>
  <File Type="PWROPT-DCP" Name="cpu_interface_pwropt.dcp"/>
  <File Type="PWROPT-DRC" Name="cpu_interface_drc_pwropted.rpt"/>
  <File Type="PWROPT-TIMING" Name="cpu_interface_timing_summary_pwropted.rpt"/>
  <File Type="PLACE-DCP" Name="cpu_interface_placed.dcp"/>
  <File Type="PLACE-IO" Name="cpu_interface_io_placed.rpt"/>
  <File Type="PLACE-CLK" Name="cpu_interface_clock_utilization_placed.rpt"/>
  <File Type="PLACE-UTIL" Name="cpu_interface_utilization_placed.rpt"/>
  <File Type="PLACE-UTIL-PB" Name="cpu_interface_utilization_placed.pb"/>
  <File Type="PLACE-CTRL" Name="cpu_interface_control_sets_placed.rpt"/>
  <File Type="PLACE-SIMILARITY" Name="cpu_interface_incremental_reuse_placed.rpt"/>
  <File Type="PLACE-PRE-SIMILARITY" Name="cpu_interface_incremental_reuse_pre_placed.rpt"/>
  <File Type="BG-BGN" Name="cpu_interface.bgn"/>
  <File Type="PLACE-TIMING" Name="cpu_interface_timing_summary_placed.rpt"/>
  <File Type="POSTPLACE-PWROPT-DCP" Name="cpu_interface_postplace_pwropt.dcp"/>
  <File Type="BG-BIN" Name="cpu_interface.bin"/>
  <File Type="POSTPLACE-PWROPT-TIMING" Name="cpu_interface_timing_summary_postplace_pwropted.rpt"/>
  <File Type="PHYSOPT-DCP" Name="cpu_interface_physopt.dcp"/>
  <File Type="PHYSOPT-DRC" Name="cpu_interface_drc_physopted.rpt"/>
  <File Type="BITSTR-MSK" Name="cpu_interface.msk"/>
  <File Type="PHYSOPT-TIMING" Name="cpu_interface_timing_summary_physopted.rpt"/>
  <File Type="ROUTE-ERROR-DCP" Name="cpu_interface_routed_error.dcp"/>
  <File Type="ROUTE-DCP" Name="cpu_interface_routed.dcp"/>
  <File Type="ROUTE-BLACKBOX-DCP" Name="cpu_interface_routed_bb.dcp"/>
  <File Type="ROUTE-DRC" Name="cpu_interface_drc_routed.rpt"/>
  <File Type="ROUTE-DRC-PB" Name="cpu_interface_drc_routed.pb"/>
  <File Type="BITSTR-LTX" Name="debug_nets.ltx"/>
  <File Type="BITSTR-LTX" Name="cpu_interface.ltx"/>
  <File Type="ROUTE-DRC-RPX" Name="cpu_interface_drc_routed.rpx"/>
  <File Type="BITSTR-MMI" Name="cpu_interface.mmi"/>
  <File Type="ROUTE-METHODOLOGY-DRC" Name="cpu_interface_methodology_drc_routed.rpt"/>
  <File Type="ROUTE-METHODOLOGY-DRC-RPX" Name="cpu_interface_methodology_drc_routed.rpx"/>
  <File Type="BITSTR-SYSDEF" Name="cpu_interface.sysdef"/>
  <File Type="ROUTE-METHODOLOGY-DRC-PB" Name="cpu_interface_methodology_drc_routed.pb"/>
  <File Type="ROUTE-PWR-RPX" Name="cpu_interface_power_routed.rpx"/>
  <File Type="ROUTE-STATUS" Name="cpu_interface_route_status.rpt"/>
  <File Type="ROUTE-STATUS-PB" Name="cpu_interface_route_status.pb"/>
  <File Type="ROUTE-TIMINGSUMMARY" Name="cpu_interface_timing_summary_routed.rpt"/>
  <File Type="ROUTE-TIMING-PB" Name="cpu_interface_timing_summary_routed.pb"/>
  <File Type="ROUTE-TIMING-RPX" Name="cpu_interface_timing_summary_routed.rpx"/>
  <File Type="ROUTE-SIMILARITY" Name="cpu_interface_incremental_reuse_routed.rpt"/>
  <File Type="ROUTE-CLK" Name="cpu_interface_clock_utilization_routed.rpt"/>
  <File Type="ROUTE-BUS-SKEW" Name="cpu_interface_bus_skew_routed.rpt"/>
  <File Type="ROUTE-BUS-SKEW-PB" Name="cpu_interface_bus_skew_routed.pb"/>
  <File Type="ROUTE-BUS-SKEW-RPX" Name="cpu_interface_bus_skew_routed.rpx"/>
  <File Type="POSTROUTE-PHYSOPT-DCP" Name="cpu_interface_postroute_physopt.dcp"/>
  <File Type="POSTROUTE-PHYSOPT-BLACKBOX-DCP" Name="cpu_interface_postroute_physopt_bb.dcp"/>
  <File Type="POSTROUTE-PHYSOPT-TIMING" Name="cpu_interface_timing_summary_postroute_physopted.rpt"/>
  <File Type="POSTROUTE-PHYSOPT-TIMING-PB" Name="cpu_interface_timing_summary_postroute_physopted.pb"/>
  <File Type="POSTROUTE-PHYSOPT-TIMING-RPX" Name="cpu_interface_timing_summary_postroute_physopted.rpx"/>
  <File Type="POSTROUTE-PHYSOPT-BUS-SKEW" Name="cpu_interface_bus_skew_postroute_physopted.rpt"/>
  <File Type="POSTROUTE-PHYSOPT-BUS-SKEW-PB" Name="cpu_interface_bus_skew_postroute_physopted.pb"/>
  <File Type="BG-BIT" Name="cpu_interface.bit"/>
  <File Type="POSTROUTE-PHYSOPT-BUS-SKEW-RPX" Name="cpu_interface_bus_skew_postroute_physopted.rpx"/>
  <File Type="BITSTR-RBT" Name="cpu_interface.rbt"/>
  <File Type="BITSTR-NKY" Name="cpu_interface.nky"/>
  <File Type="BG-DRC" Name="cpu_interface.drc"/>
  <File Type="RDI-RDI" Name="cpu_interface.vdi"/>
  <File Type="WBT-USG" Name="usage_statistics_webtalk.html"/>
  <FileSet Name="sources" Type="DesignSrcs" RelSrcDir="$PSRCDIR/sources_1">
    <Filter Type="Srcs"/>
    <File Path="$PSRCDIR/sources_1/imports/lab3_part1_source_code/accumulator.vhd">
      <FileInfo>
        <Attr Name="ImportPath" Val="$PPRDIR/../Downloads/lab3_part1_source_code-20231120T213530Z-001/lab3_part1_source_code/accumulator.vhd"/>
        <Attr Name="ImportTime" Val="1700516144"/>
        <Attr Name="UsedIn" Val="synthesis"/>
        <Attr Name="UsedIn" Val="simulation"/>
      </FileInfo>
    </File>
    <File Path="$PSRCDIR/sources_1/imports/lab3_part1_source_code/alu.vhd">
      <FileInfo>
        <Attr Name="ImportPath" Val="$PPRDIR/../Downloads/lab3_part1_source_code-20231120T213530Z-001/lab3_part1_source_code/alu.vhd"/>
        <Attr Name="ImportTime" Val="1700516144"/>
        <Attr Name="UsedIn" Val="synthesis"/>
        <Attr Name="UsedIn" Val="simulation"/>
      </FileInfo>
    </File>
    <File Path="$PSRCDIR/sources_1/imports/CPU_files/clock_divider.vhd">
      <FileInfo>
        <Attr Name="ImportPath" Val="$PPRDIR/../Downloads/lab_3_full_resources/part_3/CPU_files/clock_divider.vhd"/>
        <Attr Name="ImportTime" Val="1700515228"/>
        <Attr Name="UsedIn" Val="synthesis"/>
        <Attr Name="UsedIn" Val="simulation"/>
      </FileInfo>
    </File>
    <File Path="$PSRCDIR/sources_1/imports/part_2/controller.vhd">
      <FileInfo>
        <Attr Name="ImportPath" Val="$PPRDIR/../Downloads/lab_3_full_resources/part_2/controller.vhd"/>
        <Attr Name="ImportTime" Val="1700515228"/>
        <Attr Name="UsedIn" Val="synthesis"/>
        <Attr Name="UsedIn" Val="simulation"/>
      </FileInfo>
    </File>
    <File Path="$PSRCDIR/sources_1/imports/lab3_part1_source_code/mux.vhd">
      <FileInfo>
        <Attr Name="ImportPath" Val="$PPRDIR/../Downloads/lab3_part1_source_code-20231120T213530Z-001/lab3_part1_source_code/mux.vhd"/>
        <Attr Name="ImportTime" Val="1700516145"/>
        <Attr Name="UsedIn" Val="synthesis"/>
        <Attr Name="UsedIn" Val="simulation"/>
      </FileInfo>
    </File>
    <File Path="$PSRCDIR/sources_1/imports/lab3_part1_source_code/register_file.vhd">
      <FileInfo>
        <Attr Name="ImportPath" Val="$PPRDIR/../Downloads/lab3_part1_source_code-20231120T213530Z-001/lab3_part1_source_code/register_file.vhd"/>
        <Attr Name="ImportTime" Val="1700516145"/>
        <Attr Name="UsedIn" Val="synthesis"/>
        <Attr Name="UsedIn" Val="simulation"/>
      </FileInfo>
    </File>
    <File Path="$PSRCDIR/sources_1/imports/lab3_part1_source_code/tri_state_buffer.vhd">
      <FileInfo>
        <Attr Name="ImportPath" Val="$PPRDIR/../Downloads/lab3_part1_source_code-20231120T213530Z-001/lab3_part1_source_code/tri_state_buffer.vhd"/>
        <Attr Name="ImportTime" Val="1700516145"/>
        <Attr Name="UsedIn" Val="synthesis"/>
        <Attr Name="UsedIn" Val="simulation"/>
      </FileInfo>
    </File>
    <File Path="$PSRCDIR/sources_1/imports/lab3_part1_source_code/datapath.vhd">
      <FileInfo>
        <Attr Name="ImportPath" Val="$PPRDIR/../Downloads/lab3_part1_source_code-20231120T213530Z-001/lab3_part1_source_code/datapath.vhd"/>
        <Attr Name="ImportTime" Val="1700516144"/>
        <Attr Name="UsedIn" Val="synthesis"/>
        <Attr Name="UsedIn" Val="simulation"/>
      </FileInfo>
    </File>
    <File Path="$PSRCDIR/sources_1/imports/CPU_files/cpu_core.vhd">
      <FileInfo>
        <Attr Name="ImportPath" Val="$PPRDIR/../Downloads/lab_3_full_resources/part_3/CPU_files/cpu_core.vhd"/>
        <Attr Name="ImportTime" Val="1700515228"/>
        <Attr Name="UsedIn" Val="synthesis"/>
        <Attr Name="UsedIn" Val="simulation"/>
      </FileInfo>
    </File>
    <File Path="$PSRCDIR/sources_1/imports/top_level_files/display_controller.vhd">
      <FileInfo>
        <Attr Name="ImportPath" Val="$PPRDIR/../lab_3_full_resources/part_3/top_level_files/display_controller.vhd"/>
        <Attr Name="ImportTime" Val="1701205392"/>
        <Attr Name="UsedIn" Val="synthesis"/>
        <Attr Name="UsedIn" Val="simulation"/>
      </FileInfo>
    </File>
    <File Path="$PSRCDIR/sources_1/imports/top_level_files/keypad_decoder.vhd">
      <FileInfo>
        <Attr Name="ImportPath" Val="$PPRDIR/../lab_3_full_resources/part_3/top_level_files/keypad_decoder.vhd"/>
        <Attr Name="ImportTime" Val="1701205392"/>
        <Attr Name="UsedIn" Val="synthesis"/>
        <Attr Name="UsedIn" Val="simulation"/>
      </FileInfo>
    </File>
    <File Path="$PSRCDIR/sources_1/imports/top_level_files/keypad_register.vhd">
      <FileInfo>
        <Attr Name="ImportPath" Val="$PPRDIR/../lab_3_full_resources/part_3/top_level_files/keypad_register.vhd"/>
        <Attr Name="ImportTime" Val="1701205392"/>
        <Attr Name="UsedIn" Val="synthesis"/>
        <Attr Name="UsedIn" Val="simulation"/>
      </FileInfo>
    </File>
    <File Path="$PSRCDIR/sources_1/imports/top_level_files/output_control.vhd">
      <FileInfo>
        <Attr Name="ImportPath" Val="$PPRDIR/../lab_3_full_resources/part_3/top_level_files/output_control.vhd"/>
        <Attr Name="ImportTime" Val="1701205392"/>
        <Attr Name="UsedIn" Val="synthesis"/>
        <Attr Name="UsedIn" Val="simulation"/>
      </FileInfo>
    </File>
    <File Path="$PSRCDIR/sources_1/imports/top_level_files/top_level_interface.vhd">
      <FileInfo>
        <Attr Name="ImportPath" Val="$PPRDIR/../lab_3_full_resources/part_3/top_level_files/top_level_interface.vhd"/>
        <Attr Name="ImportTime" Val="1701205392"/>
        <Attr Name="UsedIn" Val="synthesis"/>
        <Attr Name="UsedIn" Val="simulation"/>
      </FileInfo>
    </File>
    <Config>
      <Option Name="DesignMode" Val="RTL"/>
      <Option Name="TopModule" Val="cpu_interface"/>
      <Option Name="TopAutoSet" Val="TRUE"/>
    </Config>
  </FileSet>
  <FileSet Name="constrs_in" Type="Constrs" RelSrcDir="$PSRCDIR/constrs_1">
    <Filter Type="Constrs"/>
    <File Path="$PSRCDIR/constrs_1/imports/lab_3_full_resources/cpu_interface_constr.xdc">
      <FileInfo>
        <Attr Name="ImportPath" Val="$PPRDIR/../lab_3_full_resources/cpu_interface_constr.xdc"/>
        <Attr Name="ImportTime" Val="1701205392"/>
        <Attr Name="UsedIn" Val="synthesis"/>
        <Attr Name="UsedIn" Val="implementation"/>
      </FileInfo>
    </File>
    <Config>
      <Option Name="ConstrsType" Val="XDC"/>
    </Config>
  </FileSet>
  <FileSet Name="utils" Type="Utils" RelSrcDir="$PSRCDIR/utils_1">
    <Filter Type="Utils"/>
    <Config>
      <Option Name="TopAutoSet" Val="TRUE"/>
    </Config>
  </FileSet>
  <Strategy Version="1" Minor="2">
    <StratHandle Name="Vivado Implementation Defaults" Flow="Vivado Implementation 2019"/>
    <Step Id="init_design"/>
    <Step Id="opt_design"/>
    <Step Id="power_opt_design"/>
    <Step Id="place_design"/>
    <Step Id="post_place_power_opt_design"/>
    <Step Id="phys_opt_design"/>
    <Step Id="route_design"/>
    <Step Id="post_route_phys_opt_design"/>
    <Step Id="write_bitstream"/>
  </Strategy>
</GenRun>
