<?xml version="1.0" encoding="UTF-8"?>
<GenRun Id="synth_1" LaunchPart="xc7z010clg400-1" LaunchTime="1701449692">
  <File Type="PA-TCL" Name="cpu_interface.tcl"/>
  <File Type="RDS-PROPCONSTRS" Name="cpu_interface_drc_synth.rpt"/>
  <File Type="REPORTS-TCL" Name="cpu_interface_reports.tcl"/>
  <File Type="RDS-RDS" Name="cpu_interface.vds"/>
  <File Type="RDS-UTIL" Name="cpu_interface_utilization_synth.rpt"/>
  <File Type="RDS-UTIL-PB" Name="cpu_interface_utilization_synth.pb"/>
  <File Type="RDS-DCP" Name="cpu_interface.dcp"/>
  <File Type="VDS-TIMINGSUMMARY" Name="cpu_interface_timing_summary_synth.rpt"/>
  <File Type="VDS-TIMING-PB" Name="cpu_interface_timing_summary_synth.pb"/>
  <FileSet Name="sources" Type="DesignSrcs" RelSrcDir="$PSRCDIR/sources_1">
    <Filter Type="Srcs"/>
    <File Path="$PSRCDIR/sources_1/imports/lab3_part1_source_code/accumulator.vhd">
      <FileInfo>
        <Attr Name="ImportPath" Val="$PPRDIR/../Downloads/lab3_part1_source_code-20231120T213530Z-001/lab3_part1_source_code/accumulator.vhd"/>
        <Attr Name="ImportTime" Val="1700516144"/>
        <Attr Name="UsedIn" Val="synthesis"/>
        <Attr Name="UsedIn" Val="simulation"/>
      </FileInfo>
    </File>
    <File Path="$PSRCDIR/sources_1/imports/lab3_part1_source_code/alu.vhd">
      <FileInfo>
        <Attr Name="ImportPath" Val="$PPRDIR/../Downloads/lab3_part1_source_code-20231120T213530Z-001/lab3_part1_source_code/alu.vhd"/>
        <Attr Name="ImportTime" Val="1700516144"/>
        <Attr Name="UsedIn" Val="synthesis"/>
        <Attr Name="UsedIn" Val="simulation"/>
      </FileInfo>
    </File>
    <File Path="$PSRCDIR/sources_1/imports/CPU_files/clock_divider.vhd">
      <FileInfo>
        <Attr Name="ImportPath" Val="$PPRDIR/../Downloads/lab_3_full_resources/part_3/CPU_files/clock_divider.vhd"/>
        <Attr Name="ImportTime" Val="1700515228"/>
        <Attr Name="UsedIn" Val="synthesis"/>
        <Attr Name="UsedIn" Val="simulation"/>
      </FileInfo>
    </File>
    <File Path="$PSRCDIR/sources_1/imports/part_2/controller.vhd">
      <FileInfo>
        <Attr Name="ImportPath" Val="$PPRDIR/../Downloads/lab_3_full_resources/part_2/controller.vhd"/>
        <Attr Name="ImportTime" Val="1700515228"/>
        <Attr Name="UsedIn" Val="synthesis"/>
        <Attr Name="UsedIn" Val="simulation"/>
      </FileInfo>
    </File>
    <File Path="$PSRCDIR/sources_1/imports/lab3_part1_source_code/mux.vhd">
      <FileInfo>
        <Attr Name="ImportPath" Val="$PPRDIR/../Downloads/lab3_part1_source_code-20231120T213530Z-001/lab3_part1_source_code/mux.vhd"/>
        <Attr Name="ImportTime" Val="1700516145"/>
        <Attr Name="UsedIn" Val="synthesis"/>
        <Attr Name="UsedIn" Val="simulation"/>
      </FileInfo>
    </File>
    <File Path="$PSRCDIR/sources_1/imports/lab3_part1_source_code/register_file.vhd">
      <FileInfo>
        <Attr Name="ImportPath" Val="$PPRDIR/../Downloads/lab3_part1_source_code-20231120T213530Z-001/lab3_part1_source_code/register_file.vhd"/>
        <Attr Name="ImportTime" Val="1700516145"/>
        <Attr Name="UsedIn" Val="synthesis"/>
        <Attr Name="UsedIn" Val="simulation"/>
      </FileInfo>
    </File>
    <File Path="$PSRCDIR/sources_1/imports/lab3_part1_source_code/tri_state_buffer.vhd">
      <FileInfo>
        <Attr Name="ImportPath" Val="$PPRDIR/../Downloads/lab3_part1_source_code-20231120T213530Z-001/lab3_part1_source_code/tri_state_buffer.vhd"/>
        <Attr Name="ImportTime" Val="1700516145"/>
        <Attr Name="UsedIn" Val="synthesis"/>
        <Attr Name="UsedIn" Val="simulation"/>
      </FileInfo>
    </File>
    <File Path="$PSRCDIR/sources_1/imports/lab3_part1_source_code/datapath.vhd">
      <FileInfo>
        <Attr Name="ImportPath" Val="$PPRDIR/../Downloads/lab3_part1_source_code-20231120T213530Z-001/lab3_part1_source_code/datapath.vhd"/>
        <Attr Name="ImportTime" Val="1700516144"/>
        <Attr Name="UsedIn" Val="synthesis"/>
        <Attr Name="UsedIn" Val="simulation"/>
      </FileInfo>
    </File>
    <File Path="$PSRCDIR/sources_1/imports/CPU_files/cpu_core.vhd">
      <FileInfo>
        <Attr Name="ImportPath" Val="$PPRDIR/../Downloads/lab_3_full_resources/part_3/CPU_files/cpu_core.vhd"/>
        <Attr Name="ImportTime" Val="1700515228"/>
        <Attr Name="UsedIn" Val="synthesis"/>
        <Attr Name="UsedIn" Val="simulation"/>
      </FileInfo>
    </File>
    <File Path="$PSRCDIR/sources_1/imports/top_level_files/display_controller.vhd">
      <FileInfo>
        <Attr Name="ImportPath" Val="$PPRDIR/../lab_3_full_resources/part_3/top_level_files/display_controller.vhd"/>
        <Attr Name="ImportTime" Val="1701205392"/>
        <Attr Name="UsedIn" Val="synthesis"/>
        <Attr Name="UsedIn" Val="simulation"/>
      </FileInfo>
    </File>
    <File Path="$PSRCDIR/sources_1/imports/top_level_files/keypad_decoder.vhd">
      <FileInfo>
        <Attr Name="ImportPath" Val="$PPRDIR/../lab_3_full_resources/part_3/top_level_files/keypad_decoder.vhd"/>
        <Attr Name="ImportTime" Val="1701205392"/>
        <Attr Name="UsedIn" Val="synthesis"/>
        <Attr Name="UsedIn" Val="simulation"/>
      </FileInfo>
    </File>
    <File Path="$PSRCDIR/sources_1/imports/top_level_files/keypad_register.vhd">
      <FileInfo>
        <Attr Name="ImportPath" Val="$PPRDIR/../lab_3_full_resources/part_3/top_level_files/keypad_register.vhd"/>
        <Attr Name="ImportTime" Val="1701205392"/>
        <Attr Name="UsedIn" Val="synthesis"/>
        <Attr Name="UsedIn" Val="simulation"/>
      </FileInfo>
    </File>
    <File Path="$PSRCDIR/sources_1/imports/top_level_files/output_control.vhd">
      <FileInfo>
        <Attr Name="ImportPath" Val="$PPRDIR/../lab_3_full_resources/part_3/top_level_files/output_control.vhd"/>
        <Attr Name="ImportTime" Val="1701205392"/>
        <Attr Name="UsedIn" Val="synthesis"/>
        <Attr Name="UsedIn" Val="simulation"/>
      </FileInfo>
    </File>
    <File Path="$PSRCDIR/sources_1/imports/top_level_files/top_level_interface.vhd">
      <FileInfo>
        <Attr Name="ImportPath" Val="$PPRDIR/../lab_3_full_resources/part_3/top_level_files/top_level_interface.vhd"/>
        <Attr Name="ImportTime" Val="1701205392"/>
        <Attr Name="UsedIn" Val="synthesis"/>
        <Attr Name="UsedIn" Val="simulation"/>
      </FileInfo>
    </File>
    <Config>
      <Option Name="DesignMode" Val="RTL"/>
      <Option Name="TopModule" Val="cpu_interface"/>
      <Option Name="TopAutoSet" Val="TRUE"/>
    </Config>
  </FileSet>
  <FileSet Name="constrs_in" Type="Constrs" RelSrcDir="$PSRCDIR/constrs_1">
    <Filter Type="Constrs"/>
    <File Path="$PSRCDIR/constrs_1/imports/lab_3_full_resources/cpu_interface_constr.xdc">
      <FileInfo>
        <Attr Name="ImportPath" Val="$PPRDIR/../lab_3_full_resources/cpu_interface_constr.xdc"/>
        <Attr Name="ImportTime" Val="1701205392"/>
        <Attr Name="UsedIn" Val="synthesis"/>
        <Attr Name="UsedIn" Val="implementation"/>
      </FileInfo>
    </File>
    <Config>
      <Option Name="ConstrsType" Val="XDC"/>
    </Config>
  </FileSet>
  <FileSet Name="utils" Type="Utils" RelSrcDir="$PSRCDIR/utils_1">
    <Filter Type="Utils"/>
    <Config>
      <Option Name="TopAutoSet" Val="TRUE"/>
    </Config>
  </FileSet>
  <Strategy Version="1" Minor="2">
    <StratHandle Name="Vivado Synthesis Defaults" Flow="Vivado Synthesis 2019"/>
    <Step Id="synth_design"/>
  </Strategy>
</GenRun>
